accuracy,precision,recall,f1,mcc,roc_auc,pr_auc,brier,model,seed,fold
0.73125,0.72,0.7105263157894737,0.7152317880794702,0.4608512785365715,0.8359962406015038,0.8032358641126337,0.20580024192104823,LR-TFIDF,42,0
0.94375,0.935064935064935,0.9473684210526315,0.9411764705882353,0.887358254542707,0.9899749373433584,0.9892685588586339,0.036632960943944116,LR-SBERT,42,0
0.9875,0.9743589743589743,1.0,0.987012987012987,0.9752742953446232,1.0,1.0,0.0032633166506031023,LR-Structural,42,0
1.0,1.0,1.0,1.0,1.0,1.0,1.0,0.00144097663537127,LR-SBERT+Structural,42,0
1.0,1.0,1.0,1.0,1.0,1.0,1.0,0.00144649215264544,LR-All,42,0
0.8490566037735849,0.8253968253968254,0.8,0.8125,0.6864705150141477,0.8944353518821604,0.899920294665629,0.19975805902882254,LR-TFIDF,42,1
0.949685534591195,0.9253731343283582,0.9538461538461539,0.9393939393939394,0.896700873189911,0.9865793780687397,0.9823146542874301,0.044981103526977054,LR-SBERT,42,1
1.0,1.0,1.0,1.0,1.0,1.0,0.9999999999999996,0.00010024570343237385,LR-Structural,42,1
1.0,1.0,1.0,1.0,1.0,1.0,0.9999999999999996,0.0002193264667169299,LR-SBERT+Structural,42,1
1.0,1.0,1.0,1.0,1.0,1.0,0.9999999999999996,0.00021972902942140164,LR-All,42,1
0.7639751552795031,0.8769230769230769,0.6551724137931034,0.75,0.5556759115613271,0.8884746815781299,0.9079700210874012,0.2024735865441006,LR-TFIDF,42,2
0.9503105590062112,0.9759036144578314,0.9310344827586207,0.9529411764705882,0.9014904927335694,0.9951848400124262,0.9956431271586318,0.032283855306680605,LR-SBERT,42,2
1.0,1.0,1.0,1.0,1.0,1.0,1.0,0.00029893658294093497,LR-Structural,42,2
1.0,1.0,1.0,1.0,1.0,1.0,1.0,0.0002272438859041574,LR-SBERT+Structural,42,2
1.0,1.0,1.0,1.0,1.0,1.0,1.0,0.0002274731751763619,LR-All,42,2
0.775,0.782608695652174,0.72,0.75,0.5476686769721053,0.8730980392156863,0.8627449310165292,0.20292126285221776,LR-TFIDF,42,3
0.9375,0.9333333333333333,0.9333333333333333,0.9333333333333333,0.8745098039215686,0.9821176470588235,0.984908328712334,0.048688123347233526,LR-SBERT,42,3
1.0,1.0,1.0,1.0,1.0,1.0,1.0,0.0016859625236662675,LR-Structural,42,3
1.0,1.0,1.0,1.0,1.0,1.0,1.0,0.001704090535034071,LR-SBERT+Structural,42,3
1.0,1.0,1.0,1.0,1.0,1.0,1.0,0.0017025752134169115,LR-All,42,3
0.7267080745341615,0.8428571428571429,0.6413043478260869,0.7283950617283951,0.48105119936474167,0.8459357277882797,0.8723690557215489,0.20717686972961108,LR-TFIDF,42,4
0.9627329192546584,0.9886363636363636,0.9456521739130435,0.9666666666666667,0.9256349284439844,0.9900756143667298,0.9917725734052736,0.03559402469307048,LR-SBERT,42,4
1.0,1.0,1.0,1.0,1.0,1.0,1.0,8.318796839830336e-05,LR-Structural,42,4
1.0,1.0,1.0,1.0,1.0,1.0,1.0,0.0010358843423959908,LR-SBERT+Structural,42,4
1.0,1.0,1.0,1.0,1.0,1.0,1.0,0.0010322502113570833,LR-All,42,4
0.8301886792452831,0.8285714285714286,0.7945205479452054,0.8111888111888111,0.6575040419762631,0.9106403313157057,0.9013022299887252,0.19908846844645736,LR-TFIDF,52,0
0.9685534591194969,0.9594594594594594,0.9726027397260274,0.9659863945578231,0.9368241062151559,0.9969735584581076,0.9963791024263089,0.02219036498599011,LR-SBERT,52,0
1.0,1.0,1.0,1.0,1.0,1.0,1.0000000000000004,0.000200176535812994,LR-Structural,52,0
1.0,1.0,1.0,1.0,1.0,1.0,1.0000000000000004,0.00013207961880511368,LR-SBERT+Structural,52,0
1.0,1.0,1.0,1.0,1.0,1.0,1.0000000000000004,0.00013239894443030944,LR-All,52,0
0.7530864197530864,0.7733333333333333,0.7160493827160493,0.7435897435897436,0.5075672576839418,0.8590153939948179,0.8729796626511921,0.20054242110279696,LR-TFIDF,52,1
0.9506172839506173,0.9620253164556962,0.9382716049382716,0.95,0.9015094183400432,0.9885688157293095,0.9896856750555441,0.03988001535430607,LR-SBERT,52,1
0.9876543209876543,0.9759036144578314,1.0,0.9878048780487805,0.9756060828611426,1.0,1.0,0.006080761714400963,LR-Structural,52,1
1.0,1.0,1.0,1.0,1.0,1.0,1.0,0.0012933630190836817,LR-SBERT+Structural,52,1
1.0,1.0,1.0,1.0,1.0,1.0,1.0,0.0012955117118002945,LR-All,52,1
0.7453416149068323,0.8771929824561403,0.5952380952380952,0.7092198581560284,0.5267988929085796,0.8365800865800866,0.8764844280974272,0.20512277880122828,LR-TFIDF,52,2
0.9503105590062112,0.9634146341463414,0.9404761904761905,0.9518072289156626,0.9008190544678669,0.9901051329622758,0.9912293122536355,0.039816358438554744,LR-SBERT,52,2
1.0,1.0,1.0,1.0,1.0,1.0,0.9999999999999999,0.0008174406011608135,LR-Structural,52,2
1.0,1.0,1.0,1.0,1.0,1.0,0.9999999999999999,0.00037728127655674493,LR-SBERT+Structural,52,2
1.0,1.0,1.0,1.0,1.0,1.0,0.9999999999999999,0.00037867088301275027,LR-All,52,2
0.6855345911949685,0.7619047619047619,0.5783132530120482,0.6575342465753424,0.38904696996766114,0.7791693088142041,0.7604673796936876,0.2170377574250606,LR-TFIDF,52,3
0.9308176100628931,0.9615384615384616,0.9036144578313253,0.9316770186335404,0.8634566307112242,0.9733671528218135,0.9765482713311167,0.0580422698423553,LR-SBERT,52,3
1.0,1.0,1.0,1.0,1.0,1.0,1.0000000000000002,5.358118300812156e-05,LR-Structural,52,3
1.0,1.0,1.0,1.0,1.0,1.0,1.0000000000000002,0.002215924700386991,LR-SBERT+Structural,52,3
1.0,1.0,1.0,1.0,1.0,1.0,1.0000000000000002,0.002216990696530835,LR-All,52,3
0.84375,0.8181818181818182,0.8513513513513513,0.8344370860927153,0.6871046362548686,0.893306096794469,0.8938947287651111,0.20107652720792002,LR-TFIDF,52,4
0.925,0.918918918918919,0.918918918918919,0.918918918918919,0.8491514770584538,0.9798868636077939,0.9782931693845629,0.05794436547661781,LR-SBERT,52,4
1.0,1.0,1.0,1.0,1.0,1.0,1.0,5.301479319788912e-05,LR-Structural,52,4
1.0,1.0,1.0,1.0,1.0,1.0,1.0,0.000572572066203802,LR-SBERT+Structural,52,4
1.0,1.0,1.0,1.0,1.0,1.0,1.0,0.0005704575411344975,LR-All,52,4
0.8490566037735849,0.8518518518518519,0.8518518518518519,0.8518518518518519,0.698005698005698,0.9112060778727447,0.9188089594097981,0.19813505181112762,LR-TFIDF,62,0
0.949685534591195,0.9397590361445783,0.9629629629629629,0.9512195121951219,0.899572593250604,0.98559670781893,0.9847482709705483,0.03878948409267335,LR-SBERT,62,0
1.0,1.0,1.0,1.0,1.0,1.0,1.0000000000000004,0.00013489920640359158,LR-Structural,62,0
1.0,1.0,1.0,1.0,1.0,1.0,1.0000000000000004,0.00035948812750856267,LR-SBERT+Structural,62,0
1.0,1.0,1.0,1.0,1.0,1.0,1.0000000000000004,0.00035994419435714145,LR-All,62,0
0.7484276729559748,0.6190476190476191,0.8666666666666667,0.7222222222222222,0.5276792647483948,0.8683501683501683,0.8290603416868868,0.20548057416511556,LR-TFIDF,62,1
0.9622641509433962,0.921875,0.9833333333333333,0.9516129032258065,0.9220259368097625,0.9927609427609428,0.9867093226788569,0.03306270429354943,LR-SBERT,62,1
1.0,1.0,1.0,1.0,1.0,1.0,1.0,0.00038472265670678714,LR-Structural,62,1
1.0,1.0,1.0,1.0,1.0,1.0,1.0,0.0002623324494556121,LR-SBERT+Structural,62,1
1.0,1.0,1.0,1.0,1.0,1.0,1.0,0.0002616718583607821,LR-All,62,1
0.7018633540372671,0.7868852459016393,0.5783132530120482,0.6666666666666666,0.4240782004537281,0.8378127896200185,0.8260820012701333,0.2108225537646235,LR-TFIDF,62,2
0.9316770186335404,0.95,0.9156626506024096,0.9325153374233128,0.8639803304406781,0.9876428792091443,0.9892334125210399,0.04988504238840661,LR-SBERT,62,2
1.0,1.0,1.0,1.0,1.0,1.0,1.0,0.00013013052913064062,LR-Structural,62,2
1.0,1.0,1.0,1.0,1.0,1.0,1.0,0.0011304093059908858,LR-SBERT+Structural,62,2
1.0,1.0,1.0,1.0,1.0,1.0,1.0,0.0011319349158317418,LR-All,62,2
0.74375,0.8405797101449275,0.6590909090909091,0.7388535031847133,0.508606063909334,0.8615845959595959,0.8960333765048474,0.20361242246840394,LR-TFIDF,62,3
0.94375,1.0,0.8977272727272727,0.9461077844311377,0.8932971498777985,0.9845328282828284,0.9898719254961971,0.05012676150345029,LR-SBERT,62,3
1.0,1.0,1.0,1.0,1.0,1.0,1.0,0.0006982434997957366,LR-Structural,62,3
1.0,1.0,1.0,1.0,1.0,1.0,1.0,0.0020757125568229224,LR-SBERT+Structural,62,3
1.0,1.0,1.0,1.0,1.0,1.0,1.0,0.0020785431566402316,LR-All,62,3
0.6728395061728395,0.7678571428571429,0.5180722891566265,0.6187050359712231,0.3715471151940568,0.8281226170504804,0.8201621225205933,0.21143391451015897,LR-TFIDF,62,4
0.9320987654320988,0.9390243902439024,0.927710843373494,0.9333333333333333,0.8642220245853025,0.9824614915357633,0.9853591101421431,0.05496316968225174,LR-SBERT,62,4
0.9876543209876543,0.9764705882352941,1.0,0.9880952380952381,0.975576657085229,1.0,1.0,0.003271812883843937,LR-Structural,62,4
1.0,1.0,1.0,1.0,1.0,1.0,1.0,0.0022828887341462723,LR-SBERT+Structural,62,4
1.0,1.0,1.0,1.0,1.0,1.0,1.0,0.0022852225618706294,LR-All,62,4
0.7125,0.8082191780821918,0.6483516483516484,0.7195121951219512,0.44292089465308354,0.8563465519987259,0.891726102104541,0.20841068630747617,LR-TFIDF,72,0
0.9625,0.967032967032967,0.967032967032967,0.967032967032967,0.9235547061634019,0.9949036470775601,0.9965060153175525,0.029252614337214582,LR-SBERT,72,0
1.0,1.0,1.0,1.0,1.0,1.0,1.0,0.0002037670329256534,LR-Structural,72,0
1.0,1.0,1.0,1.0,1.0,1.0,1.0,0.00011465786957566845,LR-SBERT+Structural,72,0
1.0,1.0,1.0,1.0,1.0,1.0,1.0,0.00011521297129345018,LR-All,72,0
0.8050314465408805,0.7631578947368421,0.8169014084507042,0.7891156462585034,0.6094367129642496,0.8810819462227913,0.8502294097003311,0.198492793423683,LR-TFIDF,72,1
0.9811320754716981,0.9594594594594594,1.0,0.9793103448275862,0.9626788738985677,0.9985595390524968,0.9982297750932541,0.017469680079157886,LR-SBERT,72,1
1.0,1.0,1.0,1.0,1.0,1.0,0.9999999999999998,6.11308348365171e-05,LR-Structural,72,1
1.0,1.0,1.0,1.0,1.0,1.0,0.9999999999999998,7.753616608042851e-05,LR-SBERT+Structural,72,1
1.0,1.0,1.0,1.0,1.0,1.0,0.9999999999999998,7.758381657700247e-05,LR-All,72,1
0.845679012345679,0.8787878787878788,0.7733333333333333,0.8226950354609929,0.69146725103048,0.9393103448275862,0.9404872346221563,0.19385187929043077,LR-TFIDF,72,2
0.9382716049382716,0.9333333333333333,0.9333333333333333,0.9333333333333333,0.8758620689655172,0.9840613026819924,0.9818726706265721,0.05178870168993677,LR-SBERT,72,2
0.9938271604938271,1.0,0.9866666666666667,0.9932885906040269,0.9876510241246882,1.0,1.0,0.0030588199022137017,LR-Structural,72,2
1.0,1.0,1.0,1.0,1.0,1.0,1.0,0.0005892764477972745,LR-SBERT+Structural,72,2
1.0,1.0,1.0,1.0,1.0,1.0,1.0,0.0005891416004023574,LR-All,72,2
0.73125,0.7910447761194029,0.6463414634146342,0.7114093959731543,0.47299516376068934,0.8797686053783614,0.880740973903209,0.2016697307720608,LR-TFIDF,72,3
0.925,0.9375,0.9146341463414634,0.9259259259259259,0.8502657495766041,0.982801751094434,0.9871801305916451,0.04510921088472834,LR-SBERT,72,3
0.9875,0.9761904761904762,1.0,0.9879518072289156,0.9752742953446232,1.0,1.0,0.003172861941639038,LR-Structural,72,3
1.0,1.0,1.0,1.0,1.0,1.0,1.0,0.0036798564954589443,LR-SBERT+Structural,72,3
1.0,1.0,1.0,1.0,1.0,1.0,1.0,0.0036823875334474855,LR-All,72,3
0.775,0.803030303030303,0.6973684210526315,0.7464788732394366,0.5504217028827665,0.818295739348371,0.7890420958323909,0.21262284119444436,LR-TFIDF,72,4
0.9375,0.9714285714285714,0.8947368421052632,0.9315068493150684,0.876714274438291,0.9805764411027569,0.9790440627729909,0.05674542797930589,LR-SBERT,72,4
1.0,1.0,1.0,1.0,1.0,1.0,1.0,5.2190225105165993e-05,LR-Structural,72,4
1.0,1.0,1.0,1.0,1.0,1.0,1.0,0.0008426664573909319,LR-SBERT+Structural,72,4
1.0,1.0,1.0,1.0,1.0,1.0,1.0,0.000847887201662806,LR-All,72,4
0.8198757763975155,0.8271604938271605,0.8170731707317073,0.8220858895705522,0.6397592297224506,0.891015745600494,0.8820223214669096,0.20339731545540024,LR-TFIDF,82,0
0.9565217391304348,0.9629629629629629,0.9512195121951219,0.9570552147239264,0.9131038849307642,0.9915097252238345,0.9933443966414341,0.02957107538235108,LR-SBERT,82,0
1.0,1.0,1.0,1.0,1.0,1.0,1.0,0.00018133039836081217,LR-Structural,82,0
1.0,1.0,1.0,1.0,1.0,1.0,1.0,0.0002204940061026375,LR-SBERT+Structural,82,0
1.0,1.0,1.0,1.0,1.0,1.0,1.0,0.00021986640529927332,LR-All,82,0
0.8364779874213837,0.8082191780821918,0.8309859154929577,0.8194444444444444,0.6702877279503252,0.9102112676056338,0.8890033788335877,0.20002024973892182,LR-TFIDF,82,1
0.9622641509433962,0.9850746268656716,0.9295774647887324,0.9565217391304348,0.9244491435232474,0.9932778489116517,0.9919028467975872,0.028601191335208862,LR-SBERT,82,1
0.9937106918238994,1.0,0.9859154929577465,0.9929078014184397,0.9873387416635092,1.0,0.9999999999999998,0.0020190458514979435,LR-Structural,82,1
1.0,1.0,1.0,1.0,1.0,1.0,0.9999999999999998,0.0007118465144716579,LR-SBERT+Structural,82,1
1.0,1.0,1.0,1.0,1.0,1.0,0.9999999999999998,0.0007126718182025084,LR-All,82,1
0.7625,0.8333333333333334,0.6410256410256411,0.7246376811594203,0.5359302005896912,0.8200437773608505,0.852089002003881,0.205313180853896,LR-TFIDF,82,2
0.95625,0.9733333333333334,0.9358974358974359,0.954248366013072,0.9130072636208565,0.984208880550344,0.9866020911037882,0.04191933248918513,LR-SBERT,82,2
1.0,1.0,1.0,1.0,1.0,1.0,1.0,7.477517700656768e-05,LR-Structural,82,2
0.99375,1.0,0.9871794871794872,0.9935483870967742,0.9875655717056404,1.0,1.0,0.0019836659865594356,LR-SBERT+Structural,82,2
0.99375,1.0,0.9871794871794872,0.9935483870967742,0.9875655717056404,1.0,1.0,0.001976450492946268,LR-All,82,2
0.7547169811320755,0.8166666666666667,0.6363636363636364,0.7153284671532847,0.5177865091379065,0.8756731073804245,0.8705386075696291,0.20386523899245587,LR-TFIDF,82,3
0.9622641509433962,0.9733333333333334,0.948051948051948,0.9605263157894737,0.924687425402986,0.9925562242635413,0.9929720076562978,0.03198306294552521,LR-SBERT,82,3
1.0,1.0,1.0,1.0,1.0,1.0,1.0,6.546999917649926e-05,LR-Structural,82,3
1.0,1.0,1.0,1.0,1.0,1.0,1.0,0.0003404740821420716,LR-SBERT+Structural,82,3
1.0,1.0,1.0,1.0,1.0,1.0,1.0,0.0003400551098905374,LR-All,82,3
0.808641975308642,0.8589743589743589,0.7701149425287356,0.8121212121212121,0.6221623722396309,0.8662068965517241,0.8888197161019817,0.20317390052437986,LR-TFIDF,82,4
0.9012345679012346,0.927710843373494,0.8850574712643678,0.9058823529411765,0.8030906154413666,0.9724137931034482,0.9791090584101451,0.07713006512530962,LR-SBERT,82,4
0.9876543209876543,0.9775280898876404,1.0,0.9886363636363636,0.975428456708796,1.0,1.0,0.0038960054231199615,LR-Structural,82,4
1.0,1.0,1.0,1.0,1.0,1.0,1.0,0.0024487027538570723,LR-SBERT+Structural,82,4
1.0,1.0,1.0,1.0,1.0,1.0,1.0,0.0024559231436534477,LR-All,82,4
